video_id,title,description,channel_title,channel_id,published_at,tags,category_id,view_count,like_count,comment_count,duration,url
IgeHOZHkAOU,Inside Rio Tinto‚Äôs most advanced mine,"Sky News Business Editor Edward Boyd has travelled to Rio Tinto‚Äôs Gudai-Darri mine in Western Australia to see the mining corporation's newest and most technologically advanced mine.

This is the first large-scale media trip Rio Tinto has hosted since the Juukan Gorge scandal ‚Äì which saw 46,000-year-old aboriginal shelters blown up by the company. 

The $3.1 billion Gudai-Darri mine began its production in 2021 and reached its capacity of 43 million tonnes in less than four months.

Rio Tinto plans to invest a further $130 million ‚Äì expanding the mine's output to 50 million tonnes. 

Gudai-Darri uses autonomous trucks, drills, water carts and trains ‚Äì as well as remote control robots that inspect conveyor belts for bearing failures and damage.

The driverless trucks only stop to be refuelled or serviced.",Sky News Australia,UCO0akufu9MOzyz3nvGIXAAw,2023-10-23T02:42:20Z,"['6339686389112', 'business', 'fb', 'msn', 'yt']",25,261852,1793,198,PT6M20S,https://www.youtube.com/watch?v=IgeHOZHkAOU
scjP6LTc8Dw,"Rio Tinto cannot comment on rumors of merger talks, says CEO","Jakob Stausholm, the CEO of Rio Tinto, discusses the outlook for the global mining industry at the World Economic Forum in Davos.",CNBC International Live,UCF8HUTbUwPKh2Q-KpGOCVGw,2025-01-23T15:30:19Z,"['World economic forum', 'WEF', 'Davos']",25,1739,8,1,PT3M6S,https://www.youtube.com/watch?v=scjP6LTc8Dw
4XsIkcGeLEk,Rio Tinto | A look back on 2024,"In 2024, we provided the materials the world needs. üåç

From iron ore in Australia to copper in Mongolia, our teams found safer, more efficient and more sustainable ways to supply the metals and minerals we rely on every day.

Thank you to our teams, suppliers, customers and partners for your support this year. We can‚Äôt wait for what 2025 has in store.

More information can be found on our website: www.riotinto.com
For news, please head to: www.riotinto.com/news
For careers, please head to: www.riotinto.com/careers

#FindingBetterWays",Rio Tinto,UCei9Q3LhmtaNCNG2_DHiCZA,2024-12-10T11:59:39Z,"['Rio Tinto', 'mining', 'innovation', 'decarbonisation', 'metals', 'minerals']",28,2558,35,8,PT3M6S,https://www.youtube.com/watch?v=4XsIkcGeLEk
6HOF8bC8vVg,Why Mining Giant Rio Tinto Is Benefitting From The EV Boom,"Copper mines, like this one in Utah, are on the frontline of America‚Äôs transition to clean energy. This site, owned and operated by mining giant Rio Tinto, produces roughly 200,000 metric tons of copper annually ‚Äî with room to grow. Global demand for copper, a major component of EVs, is expected to almost double from 25 million metric tons to nearly 49 million metric tons by 2035. But miners face a multitude of issues as they ramp up production, not least of which includes mitigating environmental damage, addressing the concerns of the local stakeholders, and operating in remote regions of the world. 

Based in the UK, Rio Tinto is one of the world‚Äôs largest mining companies with projects in 35 countries. In addition to its 17 iron ore mines in Western Australia that produce material used in steel, its products include aluminum, diamonds, and boron, a component in fertilizer and smartphones. Historically miners have been known for their environmental impact but today are increasingly recognized as crucial players in the transition to green energy. So what is Rio Tinto doing to ramp up production of its critical minerals business and how will China‚Äôs economic slowdown impact its iron ore sector? CNBC got a behind the scenes look at Rio Tinto‚Äôs Utah operation to find out.

Chapters:
0:00-3:02 Intro 
3:02-6:25 Chapter 1 Kennecott
6:26-8:36 Chapter 2 History 
8:37-10:58 Chapter 3 Mining challenges 
10:59:13:30 Chapter 4 Automation in mining 

Produced and Shot by: Shawn Baldwin
Edited by: Darren Geeter
Supervising Producer: Jeniece Pettitt
Additional Camera: Katie Brigham, Magdalena Petrova
Animations: Christina Locopo
Narrated by: Robert Ferris
Additional Footage: Getty Images, Rio Tinto

¬ª Subscribe to CNBC: https://cnb.cx/SubscribeCNBC
¬ª Subscribe to CNBC TV: https://cnb.cx/SubscribeCNBCtelevision

About CNBC: From 'Wall Street' to 'Main Street' to award winning original documentaries and Reality TV series, CNBC has you covered. Experience special sneak peeks of your favorite shows, exclusive video and more.

Connect with CNBC News Online
Get the latest news: https://www.cnbc.com/
Follow CNBC on LinkedIn: https://cnb.cx/LinkedInCNBC
Follow CNBC News on Facebook: https://cnb.cx/LikeCNBC
Follow CNBC News on Twitter: https://cnb.cx/FollowCNBC
Follow CNBC News on Instagram: https://cnb.cx/InstagramCNBC

#CNBC

Why Mining Giant Rio Tinto Is Benefitting From The EV Boom",CNBC,UCvJJ_dzjViJCoLf5uKUTwoA,2023-12-02T17:00:04Z,"['Rio Tinto', 'mining', 'copper', 'lithium', 'boron', 'gold', 'diamonds', 'workers', 'Utah', 'Australia', 'EVs', 'electric vehicles', 'environmental damage', 'Kennecott', 'mining operation', 'haul trucks', 'green energy', 'BHP', 'Alcan', 'Resolution Copper', 'CNBC', 'CNBC original', 'business', 'business news', 'finance', 'financial news', 'finances', 'tech', 'technology', 'tech news', 'stocks', 'investing', 'U.S. economy', 'economy', 'critical materials', 'global minerals', 'production', 'clean energy', 'nickel', 'cobalt', 'EV', 'electric vehicle batteries', 'electric vehicle materials']",25,573821,4815,369,PT13M29S,https://www.youtube.com/watch?v=6HOF8bC8vVg
GXYRD0Luhjg,Future of Aussie manufacturing under pressure after Rio Tinto admission | 9 News Australia,"Australian manufacturing is under pressure as mining giant Rio Tinto has declared its smelter north of Newcastle as untenable. | *Subscribe and üîî: http://9Soci.al/KM6e50GjSK9*

*Get more breaking news at 9News.com.au: http://9Soci.al/iyCO50GjSK6*

FOLLOW 9News Australia
‚ñ∫ Facebook: https://www.facebook.com/9News/
‚ñ∫ Twitter: https://twitter.com/9NewsAUS
‚ñ∫ Instagram: https://www.instagram.com/9news/

Join 9News for the latest in news and events that affect you in your local city, as well as news from across Australia and the world.

#9News #BreakingNews #NineNewsAustralia #9NewsAU",9 News Australia,UCIYLOcEUX6TbBo7HQVF2PKA,2025-10-28T07:38:25Z,"['9news', 'australianews', 'brisbanenews', 'channel9', 'channel9news', 'latestnews', 'melbournenews', 'newsaustralia', 'ninenews', 'ninenewsaustralia', 'sydneynews']",25,12249,47,37,PT2M6S,https://www.youtube.com/watch?v=GXYRD0Luhjg
0rnBfapuzq4,Inside Rio Tinto‚Äôs Kennecott copper mine: The largest open pit mine in the world,"As the White House calls to increase domestic mining, CNBC's Pippa Stevens goes inside one key copper mine in the U.S.",CNBC Television,UCrp_UI8XtuYfpiqluWLD7Lw,2025-05-15T21:01:14Z,"['Worldwide Exchange', 'CNBC', 'business news', 'finance stock', 'stock market', 'news channel', 'news station', 'breaking news', 'us news', 'world news', 'cable', 'cable news', 'finance news', 'money', 'money tips', 'financial news', 'stock market news', 'stocks']",25,3640,33,2,PT2M32S,https://www.youtube.com/watch?v=0rnBfapuzq4
tzA0JCEKO0U,Stock of the day: Rio Tinto (RIO),"Buy, Hold, or Sell? Get the verdict on Rio Tinto from our experts David Novac and Thomas Atkinson on today's episode of 'the call'.",ausbiz,UCxvVvF_KzKLiGLQ2-MvU0KQ,2025-07-16T05:33:36Z,[],27,1034,26,16,PT6M15S,https://www.youtube.com/watch?v=tzA0JCEKO0U
rxs1Khtv0zA,"U.S. Borax, part of Rio Tinto, Operations Overview",Take a tour of the largest open pit mine in California as well as our shipping facility in the Port of Los Angeles. You'll meet the people who make our operation a success as well as the technology we use to bring you essential materials for modern life.,Rio Tinto,UCei9Q3LhmtaNCNG2_DHiCZA,2021-01-20T19:37:27Z,[],28,21687,284,4,PT16M13S,https://www.youtube.com/watch?v=rxs1Khtv0zA
6ICGk7Q_IsI,"Rio Tinto | Meet Kyle, a Maintenance Engineer at Gudai-Darri","Kyle‚Äôs one of our Maintenance Engineers who moved from a remote town in Queensland, Australia, to one of our most technologically advanced operations, Gudai-Darri, in Western Australia.

‚ÄúThe University of Queensland's InspireU program I went on it back in 2015, and it‚Äôs just a great way to show Indigenous kids, or people from remote communities, about engineering and STEM. I guess it‚Äôs what made me decide to pursue a tertiary education, and I doubt if I didn‚Äôt (join the program) that I‚Äôd have gone to Uni. It‚Äôs a really good program,‚Äù Kyle said.

‚ÄúThe energy transition and what the future of mining is going to look like is changing for the better.‚Äù 

ü¶∫ See where a Grad role at Rio Tinto could take you: https://www.riotinto.com/en/careers/graduates-students

More information can be found on our website: www.riotinto.com
For news, please head to: www.riotinto.com/news
For careers, please head to: www.riotinto.com/careers

#FindingBetterWays #Student #Graduate",Rio Tinto,UCei9Q3LhmtaNCNG2_DHiCZA,2024-06-13T07:08:31Z,"['Rio Tinto', 'mining', 'innovation', 'decarbonisation', 'metals', 'minerals', 'students', 'graduates', 'grad roles', 'mining jobs']",28,4063,81,5,PT39S,https://www.youtube.com/watch?v=6ICGk7Q_IsI
lThEAswKJy0,Potential Rio Tinto-Glencore merger in the works,"Sky News Business Reporter Edward Boyd says Rio Tinto is already the second-largest mining company in the world. 

Mining giant Rio Tinto is reportedly holding merger talks with the global commodities trader Glencore. 

‚ÄúThe two, according to Bloomberg, are holding very early stages talks over a merger,‚Äù Mr Boyd said. 

‚ÄúFrom Rio Tinto‚Äôs perspective, they are really keen to buy more future-facing commodities; new sorts of assets, things like lithium.‚Äù",Sky News Australia,UCO0akufu9MOzyz3nvGIXAAw,2025-01-17T01:32:43Z,"['6367200652112', 'business', 'fb', 'msn', 'yt']",25,6219,59,14,PT2M47S,https://www.youtube.com/watch?v=lThEAswKJy0
r1qrLtk0eo4,RIO TINTO‚ÄôS $200 MILLION-A-DAY MINE | LykeShares Explorer,"Every day, iron ore worth over $200 million leaves Western Australia‚Äôs red Pilbara desert.
This is Tom Price, the massive Rio Tinto mine that never stops moving rock.
Last year, Rio made $11 billion in profit, much of it from exports like this.
Unions say Australia‚Äôs losing billions in missed potential ‚Äî should we keep shipping raw ore, or start keeping more of the profit here?

#LykeShares #RioTinto #Mining #Pilbara #Australia #LiveSalary #ASX #Economy #IronOre #NewsExplorer

Maps ¬© Google Earth | Images ¬© Google / Earth Studio",LykeShares,UCaeDwABkHlQowjCYLo8wMhA,2025-10-18T04:27:10Z,[],25,874,6,1,PT27S,https://www.youtube.com/watch?v=r1qrLtk0eo4
8NRc5JIyEJw,Rio Tinto's New CEO: The Man Controlling a $100 BILLION Mining Empire,"There's a new leader at the helm of a $100 billion global mining empire. This video is a deep-dive investment analysis into the appointment of Simon Trott as the new CEO of Rio Tinto. We explore who Trott is and why this internal appointment is a critical signal to the financial markets.

As the former head of their most profitable iron ore division, what will his corporate strategy be? We'll analyze the future of Rio Tinto stock, the challenges of geopolitical risk, and his mandate to deliver shareholder value. This is an essential briefing for anyone interested in the commodities market, corporate leadership, and high-level business finance.
#RioTinto #CEO #Investing #Business #Finance",Daily Scoop Vibe,UCqoxhoNFV1MZ8P7uMDQLCXQ,2025-07-15T08:35:03Z,"['Rio Tinto new CEO', 'Simon Trott Rio Tinto', 'mining industry leadership', 'Rio Tinto stock analysis', 'investment strategy', 'business leadership', 'corporate leadership', 'CEO transition', 'financial performance', 'stock market analysis', 'shareholder value', 'market capitalization', 'commodities market', 'corporate governance', 'rio tinto']",22,158,0,0,PT1M50S,https://www.youtube.com/watch?v=8NRc5JIyEJw
y2MQiZ8MxbM,Rio Tinto full year 2024 financial results - Brief remark by Chief Executive Jakob Stausholm,"Brief remark by Chief Executive Jakob Stausholm on Rio Tinto's 2024 full year financial results.

More information can be found on our website: www.riotinto.com
For news, please head to: www.riotinto.com/news
For careers, please head to: www.riotinto.com/careers

#FindingBetterWays",Rio Tinto,UCei9Q3LhmtaNCNG2_DHiCZA,2025-02-19T18:12:29Z,"['Rio Tinto', 'mining', 'innovation', 'decarbonisation', 'metals', 'minerals']",28,1307,18,4,PT3M29S,https://www.youtube.com/watch?v=y2MQiZ8MxbM
HLaJdSIG-f8,Rio Tinto appoints iron ore boss Simon Trott as CEO | REUTERS,"Rio Tinto named Simon Trott, who heads the company's most profitable iron ore unit, as its new chief executive.

#riotinto #News #Reuters #Newsfeed 

Read the story here: https://reut.rs/4nOI0YD

üëâ  Subscribe: http://smarturl.it/reuterssubscribe

Keep up with the latest news from around the world: https://www.reuters.com/
Follow Reuters on Facebook: https://www.facebook.com/Reuters
Follow Reuters on Twitter: https://twitter.com/Reuters
Follow Reuters on Instagram: https://www.instagram.com/reuters/?hl=en",Reuters,UChqUTb7kYRX8-EiaN3XFrSQ,2025-07-15T14:18:07Z,"['reuters', 'news', 'world news today', 'breaking news', 'news today', 'reuters youtube', 'markets today', 'streaming', 'live news', 'latest news', 'headlines today', 'world news', 'news today usa', 'reuters news', 'headlines', 'business']",25,1057,14,0,PT1M1S,https://www.youtube.com/watch?v=HLaJdSIG-f8
aDHmRoHdq-8,Rio Tinto | How we're decarbonising our operations,"More information can be found on our website: www.riotinto.com
For news, please head to: www.riotinto.com/news
For careers, please head to: www.riotinto.com/careers

#FindingBetterWays",Rio Tinto,UCei9Q3LhmtaNCNG2_DHiCZA,2024-10-18T03:36:42Z,"['Rio Tinto', 'mining', 'innovation', 'decarbonisation', 'metals', 'minerals']",28,3423,43,2,PT3M12S,https://www.youtube.com/watch?v=aDHmRoHdq-8
S6WBtnsptXQ,"Rio Tinto | A Day in the Life of Summer STEM attendee, Bella","Join Bella, a Rio Tinto Summer STEM program attendee, as she travels to Gladstone in Queensland, Australia, to visit the Yarwun Alumina Refinery.

We have open roles across various disciplines for our 2024 Intern and Graduate programs. For more: https://www.riotinto.com/en/careers/graduates-students

#Graduates #Interns #FindingBetterWays

More information can be found on our website: www.riotinto.com
For news, please head to: www.riotinto.com/news
For careers, please head to: www.riotinto.com/careers",Rio Tinto,UCei9Q3LhmtaNCNG2_DHiCZA,2024-04-05T05:09:20Z,"['Rio Tinto', 'mining', 'innovation', 'decarbonisation', 'metals', 'minerals', 'day in the life', 'graduate']",28,1665,38,1,PT1M,https://www.youtube.com/watch?v=S6WBtnsptXQ
mo7hI392cQE,Rio Tinto receives approval for $34.3 billion iron ore project in West Africa,"Rio Tinto has received approval from the Guinean and Chinese governments to develop the $34.3 billion Simandou iron ore project in West Africa.

Production is expected to begin next year.

Rio Tinto will contribute about $9.2 billion in costs towards the development.

Once fully operational, Simandou will be able to export about 120 million tonnes of iron ore per year.",Sky News Australia,UCO0akufu9MOzyz3nvGIXAAw,2024-07-16T07:50:29Z,"['6358139753112', 'business', 'fb', 'msn', 'yt']",25,3195,22,9,PT46S,https://www.youtube.com/watch?v=mo7hI392cQE
p4r3Z_LZGIQ,How Rio Tinto Uses DJI Dock for Smarter Mining Operations,"""Seamless."" ""Easy to implement."" ""Massive benefit.""

That‚Äôs how Rio Tinto Gudai-Darri describes the shift to automated drone operations.

By deploying DJI Dock systems, their teams now conduct automated site monitoring that serves multiple departments, all without disrupting daily operations.

From trial to transformation, one mining site is proving what the future of industrial automation looks like.

See how automation and aerial data are transforming the mining industry üëâ https://brnw.ch/21wXhb6
#djienterprise #djidock #droneworkflow #miningoperations #smartinspections",DJI Enterprise,UC9gLvca-96qDQBmjEQtOwoQ,2025-11-09T10:01:34Z,[],28,1827,44,0,PT37S,https://www.youtube.com/watch?v=p4r3Z_LZGIQ
gVHjk11Zkko,Rio Tinto | Catherine is #FindingBetterWays,"""You can make all the changes in the world but if you don't actually listen to people...your solutions won't stick.""

üèçÔ∏è Meet Catherine, a mechanical engineer (and proud new motorcycle owner!) at BC Works in Kitimat, Canada. She moved to Kitimat 2 years ago and has been with us ever since.

‚öôÔ∏è Whether she‚Äôs eliminating defects or making sure equipment is fit for purpose, Catherine knows that problem-solving starts with people.

üå† For her, meaningful collaboration means clear communication, strong relationships and always aiming higher. 

See our purpose in action: https://riotinto.com/about/purpose-and-values

#FindingBetterWays

More information can be found on our website: www.riotinto.com
For news, please head to: www.riotinto.com/news
For careers, please head to: www.riotinto.com/careers

#FindingBetterWays",Rio Tinto,UCei9Q3LhmtaNCNG2_DHiCZA,2025-11-04T20:51:30Z,"['Rio Tinto', 'mining', 'innovation', 'decarbonisation', 'metals', 'minerals']",28,82,4,1,PT1M8S,https://www.youtube.com/watch?v=gVHjk11Zkko
yICOttoNm48,What I LOVE About Rio Tinto | RIO Stock Analysis,"Rio Tinto (Ticker RIO) is the 4th biggest mining company in the world. Let's analyze it, value it, and see how good this investment can be.

üíµ STOCK RANKING PRO | Find Best Companies at Best Prices  - https://www.patreon.com/c/baldinvestor/membership

üóÇÔ∏è SMART MONEY PORTFOLIOS - https://www.patreon.com/c/baldinvestor/membership

üßÆ INTRINSIC VALUE CALCULATORS - https://www.patreon.com/c/baldinvestor/membership

üéì STOCK INVESTING ACADEMY - https://www.stockinvesting.academy

‚öñÔ∏è (FREE) PEGY Ratio Calculator - https://www.stockinvesting.academy/products/digital_downloads/pegy-ratio-calculator

üì∞ BALD INVESTOR'S NEWSLETTER - https://baldinvestor.beehiiv.com/subscribe

üìà SHARESIGHT | Get 4 Months FREE With This Link - https://www.sharesight.com/baldinvestor

üóÉ Content:
0:00 What is Rio Tinto?
0:44 Investors
1:53 Financial Health
3:51 Dividends
5:08 Rio Tinto Valuation

#riotinto #riotintostock #stockanalysis    

-----

üíª Best Websites For Investors:
SEEKING ALPHA ($30 OFF) - https://www.sahg6dtr.com/36L15JB/R74QP/
FINCHAT (15% OFF) - https://finchat.io/?via=bald 
SIMPLY WALL STREET - https://simplywall.st/?via=bald 

üóÑÔ∏è Best Portfolio Trackers: 
SHARESIGHT  (4 Months FREE) -https://www.sharesight.com/baldinvestor
GETQUIN - https://www.qhkv6trk.com/cmp/4ZK1T1/HXP6K/

-----

Disclaimer:
I am not a financial adviser. This video is for educational and entertainment purposes only. Seek professional help before making any investment decision.‚Äã

-----

Affiliate Links: 
Some of the links in my video descriptions are affiliate links, which means, at no extra cost to you, I will make a small commission if you click them and make a purchase.",Bald Investor,UCZj5Af3HwpY1s3svCKDG4_A,2023-08-05T13:00:45Z,"['Stock market', 'Warren Buffett', 'Stocks', 'passive income', 'Investing', 'Charlie Munger', 'investing for beginners', 'Stock', 'portfolio', 'how to invest', 'dividend stocks', 'Best stocks to buy now', 'Dividend investing', 'Stocks to buy now', 'value investing', 'top stocks to buy now', 'best dividend stocks', 'stocks to buy', 'intrinsic value', 'bald investor', 'bold investor', 'Rio Tinto', 'Rio Tinto stock', 'RIO stock', 'Rio Tinto stock analysis', 'Is Rio Tinto a buy', 'mining', 'should I buy Rio Tinto', 'best mining company']",27,9182,431,61,PT8M59S,https://www.youtube.com/watch?v=yICOttoNm48
B5w8OXP5azU,"Rio Tinto CEO on Profits, Mining Closures, Lithium","Rio Tinto Group‚Äôs¬†underlying profit fell 12% last year on weaker commodities prices and rising costs, but the company still managed to pay a higher dividend. Chief Executive Officer Jakob Stausholm discusses the profit loss as well as the price of lithium. He speaks on ""Bloomberg Brief.""
For more on this story, please see: https://www.bloomberg.com/news/articles/2024-02-21/rio-tinto-s-full-year-profit-falls-12-to-11-8-billion",Bloomberg Television,UCIALMKvObZNtJ6AmdCLP7Lg,2024-02-21T12:09:00Z,[],25,13659,151,22,PT9M41S,https://www.youtube.com/watch?v=B5w8OXP5azU
Xgc9mgHfVMI,Rio Tinto | Upgrading our villages across the Pilbara in Western Australia,"We are on an on-going journey to building a safe, respectful and inclusive workplace for everyone, everywhere, everyday. 

It's been 2 years since we released the Everyday Respect Report and began implementing the 26 recommendations.

One of those recommendations was to identify and remedy any facilities at our sites found to be less than satisfactory; like assessing lighting and security.

We've been upgrading our villages across the Pilbara in Western Australia. Check out the üìΩÔ∏è to see some of the improvements. 

Find out more about the Everyday Respect Report: https://www.riotinto.com/en/sustainability/talent-diversity-inclusion/everyday-respect

#EverydayRespect #Safety",Rio Tinto,UCei9Q3LhmtaNCNG2_DHiCZA,2024-09-02T06:23:22Z,"['Rio Tinto', 'mining', 'innovation', 'decarbonisation', 'metals', 'minerals']",28,4808,31,4,PT1M32S,https://www.youtube.com/watch?v=Xgc9mgHfVMI
YZVaRf-y98M,"Rio Tinto CEO on Guinea Project, China Demand, Strategy","Rio Tinto Group Chief Executive Officer¬†Jakob Stausholm talks about the company's Simandou project in Guinea, China's economy and the nation's demand for commodities, and the mining giant's growth strategy. The world‚Äôs top iron ore exporter will spend about $6.2 billion on development of the vast project as it aims to deliver higher-quality raw material to steelmakers seeking to curb emissions. Stausholm speaks with Haidi Stroud-Watts on ""Bloomberg Markets: Asia.""
 --------
Follow Bloomberg for business news & analysis, up-to-the-minute market data, features, profiles and more: http://www.bloomberg.com
Connect with us on...
Twitter: https://twitter.com/business
Facebook: https://www.facebook.com/bloombergbusiness
Instagram: https://www.instagram.com/bloombergbusiness/",Bloomberg Television,UCIALMKvObZNtJ6AmdCLP7Lg,2023-12-06T04:57:28Z,"['Africa', 'Aluminum Corp. of China Ltd.', 'Australia', 'CEO', 'Chief Executive Officer', 'China', 'Chinalco', 'Commodities', 'Economy', 'Guinea', 'Haidi Stroud-Watts', 'Jakob Stausholm', 'M&As', 'Mergers & Acquisitions', 'Rio Tinto Plc', 'U.K.', 'chinese economy', 'dual listing', 'mining', 'property market', 'real estate market']",25,13422,137,11,PT9M13S,https://www.youtube.com/watch?v=YZVaRf-y98M
b9coV7-Q330,Rio Tinto vs Vale | Which Investment Is Better?,"üíµ STOCK RANKING PRO | Find Best Companies at Best Prices  - https://www.patreon.com/c/baldinvestor/membership

üóÇÔ∏è SMART MONEY PORTFOLIOS - https://www.patreon.com/c/baldinvestor/membership

üßÆ INTRINSIC VALUE CALCULATORS - https://www.patreon.com/c/baldinvestor/membership

üéì STOCK INVESTING ACADEMY - https://www.stockinvesting.academy

‚öñÔ∏è (FREE) PEGY Ratio Calculator - https://www.stockinvesting.academy/products/digital_downloads/pegy-ratio-calculator

üì∞ BALD INVESTOR'S NEWSLETTER - https://baldinvestor.beehiiv.com/subscribe

Rio Tinto and Vale are both great companies.
But Which of them can make us more money in the long term.

üóÉ Content:
0:00 Rio Tinto vs Vale
0:54 Past Results
2:04 Investors
3:26 Financial Health
5:12 Dividends
6:33 Valuation
8:13 Final Score

#RioTintostock #dividendinvesting #Valestock  

-----

üíª Best Websites For Investors:
SEEKING ALPHA ($30 OFF) - https://www.sahg6dtr.com/36L15JB/R74QP/
FINCHAT (15% OFF) - https://finchat.io/?via=bald 
SIMPLY WALL STREET - https://simplywall.st/?via=bald 

üóÑÔ∏è Best Portfolio Trackers: 
SHARESIGHT  (4 Months FREE) -https://www.sharesight.com/baldinvestor
GETQUIN - https://www.qhkv6trk.com/cmp/4ZK1T1/HXP6K/

-----

Disclaimer:
I am not a financial adviser. This video is for educational and entertainment purposes only. Seek professional help before making any investment decision.‚Äã

-----

Affiliate Links: 
Some of the links in my video descriptions are affiliate links, which means, at no extra cost to you, I will make a small commission if you click them and make a purchase.",Bald Investor,UCZj5Af3HwpY1s3svCKDG4_A,2023-11-04T14:00:32Z,"['Stock market', 'Warren Buffett', 'Stocks', 'passive income', 'Investing', 'Charlie Munger', 'investing for beginners', 'Stock', 'how to invest', 'dividend stocks', 'Best stocks to buy now', 'Dividend investing', 'Stocks to buy now', 'top stocks to buy now', 'best dividend stocks', 'stocks to buy', 'stock portfolio', 'intrinsic value', 'bald investor', 'bold investor', 'rio stock', 'rio tinto stock', 'vale stock', 'rio tinto vs', 'vale vs', 'company comparison', 'mining companies', 'Brazilian company', 'Howard Marks stock']",27,9891,461,36,PT9M54S,https://www.youtube.com/watch?v=b9coV7-Q330
OxMFBSHY08o,Rio Tinto Might Be the Smartest Long-Term Play in Commodities,"While short-term market noise distracts most investors, Rio Tinto (RIO) is quietly approaching a key technical zone that could mark the start of a major long-term rally.
Our Elliott Wave analysis shows the stock nearing the end of its Wave 4 correction, setting the stage for a powerful Wave 5 move to the upside.
In this video, we walk you through the chart, the setup, and the price levels that matter.
Smart money is patient. Here‚Äôs why it might be time to pay attention.

WE ARE LIVE! Daily Updates on countless markets:
üö® üëâhttps://hkcmglobal.comüö®

üëâ Instagram:
https://www.instagram.com/hkcm_global

üëâ X:
https://x.com/hkcm_global",HKCM GLOBAL,UCvLnTGJQthqju38QPtaD64Q,2025-07-09T17:00:35Z,"['mine', 'hkcm global', 'stocks', 'investment']",27,4775,340,11,PT8M34S,https://www.youtube.com/watch?v=OxMFBSHY08o
